Grupo de edad,Avg. DD,% of Total  Numero de clientes, Numero de clientes,DD
,0.0,,,
16-24,,12.617841339%,25.71896325,0.0
25-39,,25.386391329%,51.74511615,0.0
40-54,,53.771991706%,109.6035242,0.0
55-64,,7.715000321%,15.7254957,0.0
65 & Above,,0.508775305%,1.0370374,0.0
