content_rating,Avg. gross
TV-14,
TV-G,
TV-PG,
TV-Y,
TV-Y7,
TV-MA,"447,093"
Not Rated,"2,090,037.47368421"
Unrated,"4,302,599.14705882"
NC-17,"4,476,870.33333333"
Passed,"11,003,537.3333333"
X,"18,658,811.6"
R,"29,983,647.7909483"
GP,"43,800,000"
Approved,"48,145,863.7777778"
M,"62,554,450"
PG-13,"65,648,539.9585714"
PG,"72,952,731.4075286"
G,"82,455,164.2"
