Average Tow Rate per day,Towing InNetwork,Business (in MM)
1,No,18.398735
1,Yes,42.304872
2,No,9.357258
2,Yes,17.157
3,No,16.24746
3,Yes,29.261925
4,No,10.58126
4,Yes,24.837668
5,No,12.504979
5,Yes,20.683891
6,No,25.356623
6,Yes,15.769244
7,No,26.551226
7,Yes,15.54266
8,No,13.894386
8,Yes,22.11369
9,No,9.224144
9,Yes,29.110992
10,No,16.743156
10,Yes,40.84942
