Source ,Count of Appl Id,% of Total Count of Appl Id
Referral,98,0.689995071%
Internal,333,2.344575090%
Social Media,695,4.893332395%
Agency,"1,925",13.553474618%
JobBoard,"5,336",37.569527565%
LinkedIn,"5,816",40.949095262%
