Recruiter (Viz),% of Total VizId
Abbie S,11.453744493%
Bernetta D,11.894273128%
Bev C,7.929515419%
Eden F,12.775330396%
Hyacinth G,25.991189427%
Philip L,29.955947137%
